{"cameraMode":{"drawMode":0,"name":"Shaded","section":"Shading Mode"},"sceneLighting":true,"audioPlay":false,"sceneViewState":{"showFog":true,"showMaterialUpdate":false,"showSkybox":true,"showFlares":true,"showImageEffects":true,"showParticleSystems":true},"in2DMode":false,"pivot":{"x":0.727212131023407,"y":14.332667350769043,"z":-21.14468002319336},"rotation":{"x":-0.3413027226924896,"y":-0.006487508770078421,"z":0.0023564575240015985,"w":-0.939932644367218},"size":0.8660253882408142,"orthographic":false}